<ALObject ObjectType="Body" FullName="4219 Unibody (4 compartments).  Includes Hydraulic Oil, Bumper, Fire Extinguishers.  Does NOT include Storage Boxes, FO/Gas/Water Tanks.">
   <!--Any numbers in this file should be OK.  Values represented by 'xxxx' need to be replaced.-->
   <Body>
      <FullName>4219 Unibody (4 compartments)</FullName>
      <DisplayName>4219US06</DisplayName>
      <EmptyWeight>xxxx</EmptyWeight>
      <EmptyCG>xxxx</EmptyCG>
      <BodyLength>5.7912</BodyLength>
      <Tanks>
         <Tank>
            <DisplayName>Tank 1 [AN]</DisplayName>
            <TankType>AN</TankType>
            <Volume>4466</Volume>
            <StickLength>
               <k5>0</k5>
               <k4>0</k4>
               <k3>-1.95031E-11</k3>
               <k2>1.51952E-07</k2>
               <k1>-7.48444E-04</k1>
               <k0>2.067858805</k0>
            </StickLength>
            <ContentCG>
               <k5>0</k5>
               <k4>0</k4>
               <k3>7.31672E-03</k3>
               <k2>3.13534E-02</k2>
               <k1>-1.32773E-03</k1>
               <k0>0.580642686</k0>
            </ContentCG>
            <ContentVCG>
               <k5>0</k5>
               <k4>-4.31E-02</k4>
               <k3>2.10926E-01</k3>
               <k2>-3.70669E-01</k2>
               <k1>-2.94473E-01</k1>
               <k0>1.468377804</k0>
            </ContentVCG>
         </Tank>
         <Tank>
            <DisplayName>Tank 2</DisplayName>
            <TankType>Dual</TankType>
            <Volume>8958</Volume>
            <MaxMass>11975</MaxMass>
            <MaxMassDesc>US DOT 406 Limit</MaxMassDesc>
            <StickLength>
               <k5>0</k5>
               <k4>0</k4>
               <k3>-4.08370E-12</k3>
               <k2>6.38128E-08</k2>
               <k1>-4.71028E-04</k1>
               <k0>2.041724402</k0>
            </StickLength>
            <ContentCG>
               <k5>0</k5>
               <k4>0</k4>
               <k3>0</k3>
               <k2>0</k2>
               <k1>0</k1>
               <k0>91.25</k0>
            </ContentCG>
            <ContentVCG>
               <k5>0</k5>
               <k4>-3.66E-02</k4>
               <k3>2.07689E-01</k3>
               <k2>-4.26206E-01</k2>
               <k1>-2.55962E-01</k1>
               <k0>1.536141779</k0>
            </ContentVCG>
         </Tank>
         <Tank>
            <DisplayName>Tank 3</DisplayName>
            <TankType>Dual</TankType>
            <Volume>4445</Volume>
            <MaxMass>5987</MaxMass>
            <MaxMassDesc>US DOT 406 Limit</MaxMassDesc>
            <StickLength>
               <k5>0</k5>
               <k4>0</k4>
               <k3>-2.63675E-11</k3>
               <k2>2.05453E-07</k2>
               <k1>-8.51981E-04</k1>
               <k0>2.057651388</k0>
            </StickLength>
            <ContentCG>
               <k5>0</k5>
               <k4>0</k4>
               <k3>-1.25516E-02</k3>
               <k2>-7.48575E-02</k2>
               <k1>1.40652E-02</k1>
               <k0>4.056772466</k0>
            </ContentCG>
            <ContentVCG>
               <k5>0</k5>
               <k4>-4.08E-02</k4>
               <k3>2.15186E-01</k3>
               <k2>-4.08426E-01</k2>
               <k1>-2.71198E-01</k1>
               <k0>1.50135364</k0>
            </ContentVCG>
         </Tank>
         <Tank>
            <DisplayName>Tank 4 [AN]</DisplayName>
            <TankType>AN</TankType>
            <Volume>4454</Volume>
            <StickLength>
               <k5>0</k5>
               <k4>0</k4>
               <k3>-1.95868E-11</k3>
               <k2>1.52231E-07</k2>
               <k1>-7.49490E-04</k1>
               <k0>2.06771895</k0>
            </StickLength>
            <ContentCG>
               <k5>0</k5>
               <k4>0</k4>
               <k3>8.21599E-04</k3>
               <k2>-5.18802E-02</k2>
               <k1>1.41879E-02</k1>
               <k0>5.207859903</k0>
            </ContentCG>
            <ContentVCG>
               <k5>0</k5>
               <k4>-4.31E-02</k4>
               <k3>2.10926E-01</k3>
               <k2>-3.70669E-01</k2>
               <k1>-2.94473E-01</k1>
               <k0>1.468377804</k0>
            </ContentVCG>
         </Tank>
      </Tanks>
   </Body>
</ALObject>
