<ALObject ObjectType="Body" FullName="3216 Unibody (4 compartments).  Includes Hydraulic Oil, Bumper, Fire Extinguishers.  Does NOT include Storage Boxes, FO/Gas/Water Tanks." DisplayName="3216U Blend Body">
   <Body>
      <FullName>3216 Unibody (4 compartments).   Includes Hydraulic Oil, Bumper, Fire Extinguishers. </FullName>
      <DisplayName>3216U Blend Body</DisplayName>
      <EmptyWeight>4200</EmptyWeight>
      <EmptyCG>2.093</EmptyCG>
      <BodyLength>4.8768</BodyLength>
      <Tanks>
         <Tank>
            <DisplayName>Tank A [AN]</DisplayName>
            <TankType>AN</TankType>
            <CurTankUse>AN</CurTankUse>
            <Volume>2982</Volume>
            <StickLength>
               <k5>0</k5>
               <k4>3.24879580202624E-15</k4>
               <k3>-7.31805485776047E-11</k3>
               <k2>3.12694949180637E-07</k2>
               <k1>-9.40341246154242E-04</k1>
               <k0>1.7228702653891</k0>
            </StickLength>
            <ContentCG>
               <k5>0</k5>
               <k4>0</k4>
               <k3>1.55954360300467E-02</k3>
               <k2>3.84172325340323E-02</k2>
               <k1>1.86186427284635E-03</k1>
               <k0>0.505298196159615</k0>
            </ContentCG>
            <ContentVCG>
               <k5>0</k5>
               <k4>-0.07420751</k4>
               <k3>0.30995</k3>
               <k2>-0.46315</k2>
               <k1>-0.279572</k1>
               <k0>1.271474358</k0>
            </ContentVCG>
         </Tank>
         <Tank>
            <DisplayName>Tank B</DisplayName>
            <TankType>Dual</TankType>
            <CurTankUse>Emulsion</CurTankUse>
            <Volume>5709</Volume>
            <MaxMass>6400</MaxMass>
            <MaxMassDesc>US DOT 406 Limit</MaxMassDesc>
            <StickLength>
               <k5>-2.37464510999834E-18</k5>
               <k4>3.57868188412477E-14</k4>
               <k3>-2.03628469923393E-10</k3>
               <k2>5.48393521258591E-07</k2>
               <k1>-9.3354715792176E-04</k1>
               <k0>1.73087227065097</k0>
            </StickLength>
            <ContentCG>
               <k5>0</k5>
               <k4>0</k4>
               <k3>1.75090164887443E-03</k3>
               <k2>4.32083286438546E-03</k2>
               <k1>1.38201339251786E-02</k1>
               <k0>1.9592519517398</k0>
            </ContentCG>
            <ContentVCG>
               <k5>0</k5>
               <k4>-0.061132834</k4>
               <k3>0.299777</k3>
               <k2>-0.530657</k2>
               <k1>-0.23458</k1>
               <k0>1.331366383</k0>
            </ContentVCG>
         </Tank>
         <Tank>
            <DisplayName>Tank C</DisplayName>
            <TankType>Dual</TankType>
            <CurTankUse>AN</CurTankUse>
            <Volume>2843</Volume>
            <MaxMass>3400</MaxMass>
            <MaxMassDesc>US DOT 406 Limit</MaxMassDesc>
            <StickLength>
               <k5>-6.07079229300506E-17</k5>
               <k4>4.50790850957106E-13</k4>
               <k3>-1.26978584540131E-09</k3>
               <k2>1.72225305371477E-06</k2>
               <k1>-1.63653191998186E-03</k1>
               <k0>1.73683533483883</k0>
            </StickLength>
            <ContentCG>
               <k5>0</k5>
               <k4>0</k4>
               <k3>-2.47943733569739E-02</k3>
               <k2>-9.55837863510308E-02</k2>
               <k1>2.86263257706474E-02</k1>
               <k0>3.39944386908493</k0>
            </ContentCG>
            <ContentVCG>
               <k5>0</k5>
               <k4>-0.0754</k4>
               <k3>0.336618</k3>
               <k2>-0.532733</k2>
               <k1>-0.2599</k1>
               <k0>1.318306823</k0>
            </ContentVCG>
         </Tank>
         <Tank>
            <DisplayName>Tank D [AN]</DisplayName>
            <TankType>AN</TankType>
            <CurTankUse>AN</CurTankUse>
            <Volume>2981</Volume>
            <StickLength>
               <k5>0</k5>
               <k4>3.24879580202624E-15</k4>
               <k3>-7.31805485776047E-11</k3>
               <k2>3.12694949180637E-07</k2>
               <k1>-9.40341246154242E-04</k1>
               <k0>1.7228702653891</k0>
            </StickLength>
            <ContentCG>
               <k5>0</k5>
               <k4>0</k4>
               <k3>-1.57017419691344E-02</k3>
               <k2>-3.80732524028407E-02</k2>
               <k1>-2.16887114300982E-03</k1>
               <k0>4.37161236088973</k0>
            </ContentCG>
            <ContentVCG>
               <k5>0</k5>
               <k4>-0.07420751</k4>
               <k3>0.30995</k3>
               <k2>-0.46315</k2>
               <k1>-0.279572</k1>
               <k0>1.271474358</k0>
            </ContentVCG>
         </Tank>
      </Tanks>
   </Body>
</ALObject>
