<?xml version="1.0"?>
<ALObject ObjectType="Chassis" FullName="Mack MR (WB=242) + Fuel + Driver + Tag" DisplayName="Mack MR (WB=242)"><Chassis><FullName>Mack MR (WB=242)</FullName><DisplayName>Mack MR (WB=242)</DisplayName><WB>6.14679999999992</WB><BackOfCab>8.88999999999988E-02</BackOfCab><WtFront>4563.13924219995</WtFront><WtRear>5025.80345959994</WtRear><WtLimitFront>9071.8473999999</WtLimitFront><WtLimitRear>29483.5040499997</WtLimitRear><WtLimitTotal>29483.5040499997</WtLimitTotal><TandemSpacing>1.32079999999998</TandemSpacing><Tags><Tag><Location>8.25499999999989</Location><Weight>679.934962629992</Weight><WtLimit>4081.87773762995</WtLimit><ForceToPressure>0</ForceToPressure></Tag></Tags></Chassis><Components><Component><LocationReference>Chassis</LocationReference><FullName>225 lb Driver for Cab of MR Mack</FullName><DisplayName>Driver</DisplayName><Offset>-0.507999999999993</Offset><EmptyWeight>102.058283249999</EmptyWeight><EmptyCG>0</EmptyCG><ContentsType>None</ContentsType><InstallationNotes></InstallationNotes></Component><Component><LocationReference>Chassis</LocationReference><FullName>Chassis Fuel for MR Mack</FullName><DisplayName>Chassis Fuel</DisplayName><Offset>2.66699999999996</Offset><EmptyWeight>0</EmptyWeight><EmptyCG>0</EmptyCG><ContentsType>Other</ContentsType><InstallationNotes>Standard tank is 70 gal.  Offset location may be incorrect since final assy may move the fuel tank.</InstallationNotes><Capacity><DefaultVolContents>0.378541178399998</DefaultVolContents><DensityContents>0.84</DensityContents><UsesSightGauge>False</UsesSightGauge><Volume>264.978824879998</Volume></Capacity></Component></Components></ALObject>
