<?xml version="1.0"?>
<ALObject ObjectType="Chassis" FullName="International 4800 4x4 (WB=156)" DisplayName="International 4800 4x4 (WB=156)"><Chassis><FullName>International 4800 4x4</FullName><DisplayName>International 4800 4x4</DisplayName><WB>3.96239999999995</WB><BackOfCab>1.72719999999998</BackOfCab><WtFront>3029.99703159997</WtFront><WtRear>1986.73458059998</WtRear><WtLimitFront>5443.10843999994</WtLimitFront><WtLimitRear>9525.4397699999</WtLimitRear><WtLimitTotal>14968.5482099998</WtLimitTotal><TandemSpacing>0</TandemSpacing></Chassis><Components><Component><LocationReference>Chassis</LocationReference><FullName>225 lb Driver for Cab of International</FullName><DisplayName>Driver</DisplayName><Offset>1.24459999999998</Offset><EmptyWeight>102.058283249999</EmptyWeight><EmptyCG>0</EmptyCG><ContentsType>None</ContentsType><InstallationNotes></InstallationNotes></Component><Component><LocationReference>Chassis</LocationReference><FullName>Chassis Fuel for International</FullName><DisplayName>Chassis Fuel</DisplayName><Offset>1.65099999999998</Offset><EmptyWeight>0</EmptyWeight><EmptyCG>0</EmptyCG><ContentsType>Other</ContentsType><InstallationNotes>Standard tank is 50 gal.</InstallationNotes><Capacity><DefaultVolContents>189.270589199999</DefaultVolContents><DensityContents>0.84</DensityContents><UsesSightGauge>False</UsesSightGauge><Volume>454.249414079997</Volume></Capacity></Component></Components></ALObject>
