<?xml version="1.0"?>
<ALObject ObjectType="Chassis" FullName="Kenworth T-800B (WB=254) + Fuel + Driver" DisplayName="Kenworth T-800B (WB=254)"><Chassis><FullName>Kenworth T-800B (WB=254)</FullName><DisplayName>Kenworth T-800B</DisplayName><WB>6.45159999999991</WB><BackOfCab>1.87959999999998</BackOfCab><WtFront>4599.42663179995</WtFront><WtRear>4989.51606999995</WtRear><WtLimitFront>9071.8473999999</WtLimitFront><WtLimitRear>19958.0642799998</WtLimitRear><WtLimitTotal>29029.9116799997</WtLimitTotal><TandemSpacing>1.32079999999998</TandemSpacing></Chassis><Components><Component><LocationReference>Chassis</LocationReference><FullName>225 lb Driver for Cab of Kenworth</FullName><DisplayName>Driver</DisplayName><Offset>1.29539999999998</Offset><EmptyWeight>102.058283249999</EmptyWeight><EmptyCG>0</EmptyCG><ContentsType>None</ContentsType><InstallationNotes></InstallationNotes></Component><Component><LocationReference>Chassis</LocationReference><FullName>Chassis Fuel for Kenworth</FullName><DisplayName>Chassis Fuel</DisplayName><Offset>1.32079999999998</Offset><EmptyWeight>0</EmptyWeight><EmptyCG>0</EmptyCG><ContentsType>Other</ContentsType><InstallationNotes>Standard tank is 100 gal</InstallationNotes><Capacity><DefaultVolContents>378.541178399998</DefaultVolContents><DensityContents>0.84</DensityContents><UsesSightGauge>False</UsesSightGauge><Volume>378.541178399998</Volume></Capacity></Component></Components></ALObject>
