<?xml version="1.0"?>
<ALObject ObjectType="Chassis" FullName="Sterling 9500 (WB=244)  + Fuel + Driver + Tag" DisplayName="Sterling 9500 (WB=244)"><Chassis><FullName>Sterling 9500 (WB=244)</FullName><DisplayName>Sterling 9500 (WB=244)</DisplayName><WB>6.19759999999992</WB><BackOfCab>1.62559999999998</BackOfCab><WtFront>4345.41490459995</WtFront><WtRear>3592.45157039996</WtRear><WtLimitFront>8164.66265999991</WtLimitFront><WtLimitRear>18143.6947999998</WtLimitRear><WtLimitTotal>26308.3574599997</WtLimitTotal><TandemSpacing>1.32079999999998</TandemSpacing><Tags><Tag><Location>8.17879999999989</Location><Weight>635.029317999993</Weight><WtLimit>4081.87773762995</WtLimit><ForceToPressure>0</ForceToPressure></Tag></Tags></Chassis></ALObject>
