<?xml version="1.0"?>
<ALObject ObjectType="Chassis" FullName="Mack DM 690S (WB=252) + Fuel + Driver + Tag" DisplayName="Mack DM 690S (WB=252)"><Chassis><FullName>Mack DM 690S (WB=252)</FullName><DisplayName>Mack DM 690S (WB=252)</DisplayName><WB>6.40079999999992</WB><BackOfCab>1.65099999999998</BackOfCab><WtFront>4199.81175382995</WtFront><WtRear>3973.92275356996</WtRear><WtLimitFront>8337.02776059991</WtLimitFront><WtLimitRear>19958.0642799998</WtLimitRear><WtLimitTotal>28295.0920405997</WtLimitTotal><TandemSpacing>1.32079999999998</TandemSpacing><Tags><Tag><Location>8.50899999999989</Location><Weight>679.934962629992</Weight><WtLimit>4081.87773762995</WtLimit><ForceToPressure>0</ForceToPressure></Tag></Tags></Chassis><Components><Component><LocationReference>Chassis</LocationReference><FullName>225 lb Driver for Cab of Mack</FullName><DisplayName>Driver</DisplayName><Offset>1.14299999999998</Offset><EmptyWeight>102.058283249999</EmptyWeight><EmptyCG>0</EmptyCG><ContentsType>None</ContentsType><InstallationNotes></InstallationNotes></Component><Component><LocationReference>Chassis</LocationReference><FullName>Chassis Fuel for Mack</FullName><DisplayName>Chassis Fuel</DisplayName><Offset>1.21919999999998</Offset><EmptyWeight>0</EmptyWeight><EmptyCG>0</EmptyCG><ContentsType>Other</ContentsType><InstallationNotes>Standard tank is 50 gal</InstallationNotes><Capacity><DefaultVolContents>189.270589199999</DefaultVolContents><DensityContents>0.84</DensityContents><UsesSightGauge>False</UsesSightGauge><Volume>340.687060559998</Volume></Capacity></Component></Components></ALObject>
