<ALObject ObjectType="Component" FullName="Gassing Tank (60 gal) for 3216 Quad or Repump" DisplayName="60 gal Tank (for 3216)">
   <Component>
      <LocationReference>Body</LocationReference>
      <FullName>Gassing Tank (60 gal) for 3216</FullName>
      <DisplayName>Gassing Tank (60 gal)</DisplayName>
      <Offset>5.9944</Offset>
      <EmptyWeight>98.4</EmptyWeight>
      <EmptyCG>0</EmptyCG>
      <ContentsType>GasA</ContentsType>
      <InstallationNotes>This gassing tank can go in one of two pre-defined spots along the hosereel frame.  Since only 30" are allocated for gassing tanks, we are limited to either one  60 gal tank or two tanks of either 34 or 48 gallons.</InstallationNotes>
      <FillRelationships>
         <FillRelationship>
            <ParentProduct>Emulsion</ParentProduct>
            <Multiplier>0.0225</Multiplier>
            <Offset>0</Offset>
         </FillRelationship>
      </FillRelationships>
      <Capacity>
         <DensityContents>1.0</DensityContents>
         <UsesSightGauge>True</UsesSightGauge>
         <Volume>230</Volume>
         <StickLength>
            <k5>0</k5>
            <k4>0</k4>
            <k3>-6.66848E-08</k3>
            <k2>2.62066E-05</k2>
            <k1>-7.38262E-03</k1>
            <k0>1.131377052</k0>
         </StickLength>
         <ContentCG>
            <k5>0</k5>
            <k4>0</k4>
            <k3>0</k3>
            <k2>0</k2>
            <k1>0</k1>
            <k0>0</k0>
         </ContentCG>
      </Capacity>
   </Component>
</ALObject>
