<ALObject ObjectType="Component" FullName="Water Tank (128 gal) for 3216U Quad" DisplayName="128 gal Tank (for 3216)">
   <Component>
      <LocationReference>Body</LocationReference>
      <FullName>Water Tank (128 gal) for 3216U Quad</FullName>
      <DisplayName>Water Tank</DisplayName>
      <Offset>5.8039</Offset>
      <EmptyWeight>148</EmptyWeight>
      <EmptyCG>0</EmptyCG>
      <ContentsType>Water</ContentsType>
      <InstallationNotes>Automatically import at correct location</InstallationNotes>
      <FillRelationships>
         <FillRelationship>
            <ParentProduct>Emulsion</ParentProduct>
            <Multiplier>0.0473</Multiplier>
            <Offset>0</Offset>
         </FillRelationship>
      </FillRelationships>
      <Capacity>
         <DefaultWtContents>0</DefaultWtContents>
         <DefaultVolContents>0</DefaultVolContents>
         <DensityContents>1.0</DensityContents>
         <UsesSightGauge>True</UsesSightGauge>
         <Volume>485</Volume>
         <StickLength>
            <k5>0</k5>
            <k4>0</k4>
            <k3>-7.22435E-09</k3>
            <k2>5.97064E-06</k2>
            <k1>-3.51892E-03</k1>
            <k0>1.131045492</k0>
         </StickLength>
         <ContentCG>
            <k5>0</k5>
            <k4>0</k4>
            <k3>0</k3>
            <k2>0</k2>
            <k1>0</k1>
            <k0>0</k0>
         </ContentCG>
      </Capacity>
   </Component>
</ALObject>
