<ALObject ObjectType="Component" FullName="Hose &amp; Pole Storage Container">
   <Component>
      <LocationReference>Chassis</LocationReference>
      <FullName>Hose &amp; Pole Storage Container</FullName>
      <DisplayName>Hose/Pole Box</DisplayName>
      <EmptyWeight>129.3</EmptyWeight>
      <EmptyCG>0</EmptyCG>
      <ContentsType>Other</ContentsType>
      <InstallationNotes>Normally placed at least 12" behind tag or rear-most wheel.</InstallationNotes>
      <Capacity>
         <DefaultWtContents>45.3</DefaultWtContents>
         <DensityContents>.25</DensityContents>
         <UsesSightGauge>False</UsesSightGauge>
         <Volume>180</Volume>
      </Capacity>
   </Component>
</ALObject>
